{"puntos": [
  {
    "pos": {
      "x": 114,
      "y": 179,
      "d1": 5.482684475676953,
      "d2": 4.791195629021586,
      "d3": 4.85868681917631,
      "d4": 5.477537658785999,
      "d5": 8.044194169030224,
      "d6": 9.345706084733365,
      "d7": 9.391831329751176,
      "d8": 9.006531343286762,
      "d9": 10.005981117294702,
      "d10": 12.133516482134198,
      "d11": 1.7936259412413773,
      "d12": 4.141802737278771,
      "d13": 5.93817146450659,
      "d14": 4.466819744793675,
      "d15": 4.777332517514976,
      "d16": 6.499046609896474,
      "d17": 5.2577334169545615,
      "d18": 6.1303504452189825,
      "d19": 8.070289502215683,
      "d20": 2.3482308306868034,
      "d21": 4.145103176264777,
      "d22": 3.561090776906357,
      "d23": 4.579142606268886,
      "d24": 5.370415954222496,
      "d25": 4.4954678031580615,
      "d26": 5.475820978137925,
      "d27": 7.572735621050348,
      "d28": 1.8012341448141729,
      "d29": 3.5671818463300027,
      "d30": 5.295829676812875,
      "d31": 4.561676105214934,
      "d32": 4.4712567307342965,
      "d33": 5.432035396332442,
      "d34": 7.518069401207169,
      "d35": 4.618876172189193,
      "d36": 6.513628054114729,
      "d37": 4.861852202361446,
      "d38": 5.359327678206769,
      "d39": 6.194400559424478,
      "d40": 8.113405599829854,
      "d41": 1.9202920005877666,
      "d42": 2.076980056198459,
      "d43": 0.9630791076133713,
      "d44": 1.9630779948018402,
      "d45": 4.090472565849307,
      "d46": 3.217473659897895,
      "d47": 1.5716505559714826,
      "d48": 1.7783118855794566,
      "d49": 3.3393279430315186,
      "d50": 1.6764839070501962,
      "d51": 1.7943882132440183,
      "d52": 3.299987049961641,
      "d53": 1.0,
      "d54": 3.127490460608406,
      "d55": 2.1276366247171077
    },
    "nombre": "Tom Cruise"
  },
  {
    "pos": {
      "x": 285,
      "y": 201,
      "d1": 4.159433960119681,
      "d2": 3.7376373800644753,
      "d3": 3.7251328431791326,
      "d4": 4.176746530649395,
      "d5": 5.82399613304162,
      "d6": 6.59535167349738,
      "d7": 6.532597719294989,
      "d8": 6.329782539180828,
      "d9": 7.3290616565933595,
      "d10": 8.582703900058545,
      "d11": 1.3899095482579182,
      "d12": 3.0593607495669892,
      "d13": 4.3586434619624255,
      "d14": 3.1978904516504687,
      "d15": 3.0394583974231204,
      "d16": 4.398648304221608,
      "d17": 3.540727090531178,
      "d18": 4.350972038951945,
      "d19": 5.4702475280207725,
      "d20": 1.673120392725024,
      "d21": 2.97435213136177,
      "d22": 2.3338794567169754,
      "d23": 2.8582705378788087,
      "d24": 3.384920049520831,
      "d25": 2.7938845083288126,
      "d26": 3.7539585639398423,
      "d27": 4.985614048314689,
      "d28": 1.3014468563186996,
      "d29": 2.350283118044844,
      "d30": 3.5967381907044835,
      "d31": 2.8248026519160088,
      "d32": 2.8474581326811355,
      "d33": 3.8201493691572592,
      "d34": 5.049245241178916,
      "d35": 3.0971284926165534,
      "d36": 4.548672681407568,
      "d37": 3.0533854298989063,
      "d38": 3.519022439678054,
      "d39": 4.3688510718718705,
      "d40": 5.493081293185201,
      "d41": 1.5284240832222316,
      "d42": 1.2351568613582473,
      "d43": 0.5093775405746418,
      "d44": 1.508476421289291,
      "d45": 2.7612495154212797,
      "d46": 2.4640398139842987,
      "d47": 1.338316597084255,
      "d48": 1.556651079567586,
      "d49": 2.475762238927055,
      "d50": 1.1366539414562649,
      "d51": 1.4753354531535696,
      "d52": 2.4563902390869234,
      "d53": 1.0,
      "d54": 2.253480356998124,
      "d55": 1.2536805502395727
    },
    "nombre": "Keira Kightley"
  },
  {
    "pos": {
      "x": 285,
      "y": 201,
      "d1": 3.9852402798172664,
      "d2": 3.5316389265277737,
      "d3": 3.4586506257416914,
      "d4": 3.79529166486594,
      "d5": 5.29477424187489,
      "d6": 6.404900069112849,
      "d7": 6.281930582872016,
      "d8": 5.922585793927396,
      "d9": 6.92208231473611,
      "d10": 8.337495299098931,
      "d11": 1.2544055216382237,
      "d12": 2.720835624914348,
      "d13": 3.950651915279192,
      "d14": 2.7850540810133357,
      "d15": 2.9842786133466253,
      "d16": 4.251252229124628,
      "d17": 3.2443760115492717,
      "d18": 4.084402876756118,
      "d19": 5.342955157150465,
      "d20": 1.4673142519525055,
      "d21": 2.698706888108549,
      "d22": 2.0204434614267033,
      "d23": 2.8779336230158954,
      "d24": 3.3744896132466518,
      "d25": 2.6098507150250914,
      "d26": 3.581925275497143,
      "d27": 4.966390009196091,
      "d28": 1.2323711665600259,
      "d29": 2.0141653949724363,
      "d30": 3.4602569462230295,
      "d31": 2.823350919763287,
      "d32": 2.6140068460431594,
      "d33": 3.5834402740197926,
      "d34": 4.985297587836321,
      "d35": 2.758665474988732,
      "d36": 4.332431926711193,
      "d37": 2.9669062934733454,
      "d38": 3.2418257143566724,
      "d39": 4.0794006219005094,
      "d40": 5.384300815342288,
      "d41": 1.583466527750942,
      "d42": 1.4714479113453296,
      "d43": 0.6278205932731208,
      "d44": 1.6276557914833338,
      "d45": 3.042772538256151,
      "d46": 2.422006456487044,
      "d47": 1.2913614407432212,
      "d48": 1.4250464208678704,
      "d49": 2.407878856857122,
      "d50": 1.2052268350645365,
      "d51": 1.3699315051370717,
      "d52": 2.4592833179280573,
      "d53": 1.0,
      "d54": 2.4149529875925624,
      "d55": 1.415583614907112
    },
    "nombre": "Brad Pitt"
  },
  {
        "pos": {
          "x": 285,
          "y": 201,
          "d1": 4.538418611320173,
          "d2": 4.090440055404875,
          "d3": 4.120393385819496,
          "d4": 4.366165330552805,
          "d5": 6.506375716304366,
          "d6": 7.819342256425667,
          "d7": 7.686526865410667,
          "d8": 7.300527577486971,
          "d9": 8.300519366026963,
          "d10": 10.195786295963424,
          "d11": 1.3200074249176297,
          "d12": 3.0110567050219395,
          "d13": 4.277223412742369,
          "d14": 3.4551158332439784,
          "d15": 3.923034422633054,
          "d16": 5.102472151033005,
          "d17": 4.0440529758732415,
          "d18": 4.908473156587834,
          "d19": 6.649390581063845,
          "d20": 1.691071952684963,
          "d21": 2.959502048260827,
          "d22": 2.7123448713941696,
          "d23": 3.752202007903677,
          "d24": 4.243434709253796,
          "d25": 3.4459288627904003,
          "d26": 4.4178740391769535,
          "d27": 6.283086998907034,
          "d28": 1.2805530964281888,
          "d29": 2.552301306700243,
          "d30": 4.170376092565949,
          "d31": 3.5666053626901286,
          "d32": 3.3377051473792982,
          "d33": 4.316782307997488,
          "d34": 6.191680433048233,
          "d35": 3.2877795911712986,
          "d36": 5.036984197009043,
          "d37": 3.765280251879191,
          "d38": 3.9857710166595735,
          "d39": 4.871770733169786,
          "d40": 6.642662246054725,
          "d41": 1.7657625278466298,
          "d42": 1.658427824293851,
          "d43": 0.7970081882059815,
          "d44": 1.7954340592039195,
          "d45": 3.6901839908975917,
          "d46": 2.555359500066256,
          "d47": 1.2862805335641343,
          "d48": 1.3480176586244137,
          "d49": 2.7558652474074816,
          "d50": 1.3630431676494903,
          "d51": 1.5193494215040886,
          "d52": 2.94435374730691,
          "d53": 1.0,
          "d54": 2.895262011169822,
          "d55": 1.8952669346151838
        },
        "nombre": "Keanu Reeves"
    },
    {
          "pos": {
            "x": 285,
            "y": 201,
            "d1": 4.552742156096298,
            "d2": 4.17840488195112,
            "d3": 4.151783436004564,
            "d4": 4.467707970287676,
            "d5": 5.931351670781884,
            "d6": 7.236980448388865,
            "d7": 7.192540753241974,